sno,value1,value2,result
1,1.0,2.0,0.5
2,41.0,29.0,1.4137931034482758
3,19.0,2.0,9.5
4,22.0,30.0,0.7333333333333333
5,48.0,50.0,0.96
6,36.0,21.0,1.7142857142857142
7,34.0,30.0,1.1333333333333333
8,3.0,22.0,0.13636363636363635
9,29.0,11.0,2.6363636363636362
10,14.0,11.0,1.2727272727272727
11,0.0,5.0,0.0
